{
    "proto": "tcp",
    "country": "United States",
    "addr_1": 74,
    "addr_2": 125,
    "num_timestamps": -0.139201495002814,
    "mean_timestamps": -0.3797232168276022,
    "median_timestamps": 0.7550865975948419
}