{
    "proto": "tcp",
    "country": "United States",
    "addr_1": 3,
    "addr_2": 230,
    "num_timestamps": -0.14254389839832154,
    "mean_timestamps": -1.181211330657851,
    "median_timestamps": -0.30220108989415007
}